用いる	を
する	て を
指す	を
代わる	に を
せる	て て に に
れる	と と も も
いる	で で に に の の は は
する	で を
する	を
する	を
する	て て を を
ある	が は
れる	で で に に により により
用いる	を
する	と を
いる	で で で でも でも でも は は は
れる	も も
ある	て も
する	を
れる	が が に に
せる	に に を を
れる	と と
持つ	が に
なる	が と
いる	が が が が が が は は は
いる	として として として は は は も も も
ある	が て て に は
集める	が を
行う	に を を
ある	も
する	に を
する	において
超える	を
する	て に
行く	て により
する	にかけて を
破る	も
する	が として に
なる	で と など は
れる	と と は は
ある	が
繰り返す	を
いる	と と を を
基づく	に
いる	と と
ある	が て として は
する	を
作る	を
いる	も も も
する	て で に は を を を通して
上回る	で を
おる	を を
いる	が が が て て て で で で に に に は は は
でる	が
いる	て て て て で で で で は は
いる	が が で で を を
加える	に
いる	て て て て において において は は を を
おる	が が に に は は
いく	を を
いる	て て て て も も
いる	て て と と
いる	
くる	が が が が て て て て と と
する	が と
する	は を
行う	は を
する	を
もたらす	に は を
する	に
題する	と
する	に は を
築く	を
なる	に
始める	が が と と に関して に関して
作り出す	で は を
する	は を
ふるまう	
する	を
する	として は を
する	は を
行う	を
れる	に に
れる	として として において において
れる	として として
示す	で に は を
する	を
示す	て は を
する	は を
する	は を
示す	を
れる	と と
ある	は も
する	に を
する	を
なる	に に に によって によって によって は は は
する	が に に は を
上げる	が で は を
する	に
する	に は を
負かす	に に を を
敗れる	が で に に は は
する	において を
使う	のに を
れる	によって によって
上回る	が を
する	は を
する	が に
する	で は も
れる	が が が が に に
れる	が が に に は は
適す	に
する	から に対して を
せる	を を
れる	が が が が
せる	に に に に により により を を
れる	が が
する	に を
せる	て て に に を を
する	に を
する	を
いる	に に に は は は も も も
する	
分かる	から が
いる	が が に に
見合う	に
見出せる	が
いる	から から が が て て にとって にとって は は は は も も
する	が に において は
進む	が
する	に につれて
せる	を を
至る	に
する	は
入る	に
基づく	に
なる	が が が
する	と を
立ち上がる	て と に に も
生まれる	から
られる	が が として として
費やす	として を
進める	て を
する	
異なる	が で
する	
行える	が
ある	に は も
至る	に は は まで も
する	
する	で を
する	て に
見つかる	が が で
くる	から から から として として として にかけて にかけて にかけて
する	を
れる	が が に に
用いる	を
する	を
する	て
する	を
迎える	が に を
合わせる	に
増やす	て で に も を
する	に を
始める	が が が
いる	が が に に まで まで を を
いる	から から で で と と
いる	が が について について は は
する	より
いる	が が が で で で は は は
なる	に
いる	が が が が て て て て て て て て に に に に は は は は
なる	が に
れる	に に
れる	て て に に は は は は は は
巻き込む	も
する	が で
言える	と も
言える	と
持つ	から が が
活かす	に を
する	を
漕ぎ着ける	に に
する	で も より
基づく	に
する	て に を
する	が という に も
関わる	に も
集める	から は を
れる	が が で で
する	を
する	を
する	を
れる	て て で で
する	に も
巻き起こす	だけ て に は を
受ける	を
用いる	て も を
する	を
売る	の
おる	が が が として として として に に に は は は まで まで まで
いる	が が が て て て で で で で で で として として として は は は は は は は は は
する	で に を
持つ	が を
なる	は は
ある	が
する	と
する	
なる	が と
抑える	を
できる	ながら を
ある	が て は は
関わる	に も
する	から を
迎える	で を
られる	が が に に
ある	が として に は も
進む	から として は
目立つ	
無くなる	は
する	を
なる	が に に は
売る	
去る	は
なる	に に に は は は は は は
なる	
れる	に に のみ のみ も も
いる	が が が が が が で で で として として として に に に は は は
する	が
する	として
する	を
する	て に に は
する	が で を
担う	を
する	を
訪れる	が に も
する	と
する	で は を
れる	が が に に により により
入る	に
扱う	を
れる	が が
始める	が が
れる	が が で で に に
する	で に
なる	と
果たす	が で に を
する	で
始まる	が が に
する	が
挑む	で に
する	と に は
使う	を
臨む	が に
する	を
できる	
先立つ	に により
近づく	が により
れる	に に は は も も
向ける	に
いる	が が て て を を
考える	
考える	
いる	が が て て で で を を
向ける	に
いる	が が に に において において
いる	が が が が で で
留まる	に
いる	に に に は は は は は は は は は
いる	から から
する	が
いる	が が として として は は
思う	
あり	
する	が
用いる	のみ を
する	から て
いる	て て は は は は を を
基づく	に
れる	と と
持つ	を
関わる	に も
いる	
する	て に は
する	が に
する	に
れる	と と
れる	が が が が て て は は
与える	が など に
いる	が が が について について について も も も
れる	
導き出す	を
導き出す	を
する	が を
する	が を
持つ	を
する	に は を
なる	と
付ける	で に を
する	が て に により
集める	に を
持つ	を
なる	て て て は は は
受ける	を
率いる	
する	を
いる	が が が が て て て て に に に に に に に に において において において において は は は は
する	を
れる	て て
組み合わせる	を
いる	て て て で で で と と と は は は
扱う	のみ を
進む	から
扱う	を
いる	が が が が て て て て として として として として
動かす	で を
せる	に に を を
いる	も も を を
考える	と
する	を
する	と
見せる	を
挑む	に
ある	て に
れる	と と
する	に
いる	も
なる	が が で で に に
する	が
おる	が が に に を を
行う	で に を
いる	が が が て て て て て て
始める	が が が として として として に に に
関わる	に も
できる	に を
いる	が が が が て て て て
受ける	を
なる	から から が が て て で で で で も も
続ける	に に
する	が が が が に対して に対して を を
する	に を
する	を
いる	に に に を を を
する	を
なる	で に に は
する	が
いる	が が が により により により
含める	まで
できる	て に により は
れる	が が
よる	に
する	を
できる	で に
いる	と と と と と と
する	が を
行う	で を
いう	と
経る	を
する	て を
分かる	か が に
する	は を
入る	に
くる	と と と と と と まで まで まで
ある	が において
する	など を
上回る	で を
至る	に
する	と
生まれる	によって
する	を
いる	は は を を
いる	が が
いる	て て で で に に は は
いう	て と
おる	とも とも は は を を
する	から を
いる	て て を を
位置づける	から に を
上げる	として も
てる	で で で で は は を を
集める	を
いる	て て て で で で と と と に に に は は は
よる	など に や
する	と
する	を
ある	て で に は
いる	て て て と と と ば ば ば も も も
いる	で で を を
する	が において も
いる	て て を を
てる	が が
れる	て て と と は は も も
よる	に
超える	を
いる	から から が が て て で で と と は は
いる	が が て て で で も も を を
ある	でも
ある	が が で で を を
する	つつ と
著す	を
取り上げる	が て て など は ば
向ける	に
する	で を
する	と
開く	に を
する	など は を
いる	も も も
られる	が が
する	に は まで を
する	を
れる	も も
入る	に に は まで
いう	と
よる	に
いる	が が が は は は
する	を
なる	が と
行う	を
なる	に は も
超える	を
於く	か に
起こす	て に対して を
いる	は は を を
いる	を を
いる	が て について は も
併せ持つ	を
する	が で
変わる	が は
述べる	と
いる	と と と
いる	が が で で を を
おる	て て に に は は を を
れる	に に
する	で を
呼ぶ	て と など は を
埋め込む	に
する	から で を
られる	が が
せる	に に まで まで を を
する	に を
いる	が が が で で で は は は
する	から など
する	で
する	で を
経る	を を
犯す	で に も を
ある	が
いる	て て で で として として に に は は
する	て と
おる	が が が
使う	を
送る	が に を
いる	て て として として に に は は
恐れる	を
起きる	が
する	を
れる	が が て て で で と と に に は は は は
おる	に に は は を を
てる	が が も も を通じて を通じて
する	が に
いる	から から から から から から が が が て て て など など など
れる	に に
する	で を
決める	て を
する	を
繋がる	に は
する	と
ある	が
認める	を
れる	から から が が で で は は
達す	で に は
ある	が で に対して は
する	と
する	を
なる	が で と に は は
いる	は は を を
する	を
できる	て により は を
する	は を
する	を
せる	を を
いる	て て に に は は を を
生む	は を
変える	を
せる	を を
決める	を
なる	に は
ある	て も
れる	に に に に に に の の
ある	も
する	が
する	に
れる	と と は は
おる	は は を を
する	と は
介す	から を
出す	に を
する	に に は は を
勝ち残る	が に
いる	が が が として として として
する	により は
いる	と と は は
れる	で で に に
れる	が が で で により により
操る	を
続く	に
られる	と と
なる	に は
れる	など など に に
なる	が と にとって は
れる	と と
いる	が が に に は は を を
れる	が が で で に に は は
めぐる	を
する	を
れる	て て に に は は は は も も
ある	に
いる	と と と も も も
する	に
いる	は は を を をめぐって をめぐって
する	で に に
する	を
する	を
する	て に は も
使う	を
行う	を
れる	と と
おる	が が で で など など に に に に は は
追い付く	に
ある	が
する	について
備える	に
ある	が で は
いる	て て て て て て は は は も も も
与える	に は を
いる	で で など など に に
する	て と を
する	と
限る	に
いる	て て て に に に は は は は は は
する	て と
なる	て に は
する	が に
いる	を を
おる	が が が で で で に に に は は は
れる	に に
する	に
用いる	を
する	は
誓う	が
受ける	て で で と とともに は を
関わる	が に
れる	と と
する	と は
する	が を
呼ぶ	に も を
いる	が が によって によって を を
せる	で で に に を を
する	て で に
いる	だけ だけ て て も も
鳴らす	に に は を
てる	は は
れる	と と
する	を
なりすます	たり で
操る	たり により を
いる	が が が
する	で を
れる	で で に に
する	を
する	と は
する	を
おる	に に に は は は も も も
する	て は を
できる	に
する	が
する	が で は を
せる	に に を を
応じる	に
挙げる	は を
見いだす	に を
ある	が で
語る	て と に
やる	を
せる	て て に に
論じる	か を
いる	に に は は も も
する	と を
いる	を を
基づく	に
する	を
する	
する	を を通して
する	に
おる	と と と に に に は は は
関連付ける	と など
する	て て は
する	が を
訴える	を
いる	を を
する	ずつ は を
する	と に対し
いる	て て は は は は は は を を
いる	も も も
いる	て て て て と と に に は は
よる	に
いる	は は を を
いう	て て と ば
言う	が
する	が
よる	に
できる	が によって
いる	と と と と は は
語る	を
いる	と と
いる	が が に に は は を を
くる	を を
する	に
くる	も も を を
いる	て て て て と と は は
過ぎる	に は
いる	て て て と と と において において において
する	に
まじる	の
なる	に は
思う	が と という は
いる	と と
始まる	から は
おる	が が と と
言う	か て て て て で と において は は は は
違う	と は
くる	で で で は は は を を を
いる	て て と と は は を を
見る	が
含める	を
いる	さえ さえ どころか どころか
使う	を
行う	を
できる	て は も
いる	て て て て て て と と と
れる	は は
よる	に
伴う	に
いる	が が が て て て で で で
言う	と
する	と
超える	における を
いる	が が
いる	て て で で と と は は は は
捉える	として を
見る	から
しれる	て て て に に に は は は ば ば ば
する	が
いる	が が が で で で
よる	に
する	が で は
いる	が が が によって によって によって
する	で を
いる	かも かも かも て て て と と と と と と は は は
おる	で で と と は は は は
いる	に に
いる	が が て て て て と と は は
よる	に
書く	が について
いる	が が が に に に
れる	が が て て て て と と によって によって は は
読む	
する	を
いる	が が について について
られる	て て など など に に は は も も
よる	に
おる	に に は は
いる	て て て で で で も も も
示す	が に
語る	を
よる	か に
扱う	の
れる	が が
する	
異なる	も
なる	と と を を
言う	と は
含む	を
扱う	に を
する	について
なる	で で は は を を
扱う	し で も を
述べる	と
ある	か が が に
いる	か か と と に対し に対し は は
述べる	て で に に の は は は も
いる	に に に
取り上げる	を
する	に を
おる	て て と と
いる	が が を を
違う	が と は
いる	て て と と は は
思う	
しれる	という は
いる	かも かも て て と と は は
くる	まで まで を を
なる	で は
思う	と に は
つく	か が が て
する	か と は
つく	は
いる	で で と と ね ね は は
