計算を用いる	を	道具を
研究をする	て を	用いて 』を
研究をする	の	）の
計算を指す	を	」を
計算を指す	と のう は	）と こうちのう とは
計算を指す	の や	言語の 理解や
計算を指す	など の	解決など などの
行動を代わる	に を	人間に 行動を
行動をせる	て に	代わって コンピューターに
行動をせる	による	）による
行動をせる	の や	システムの 設計や
行動をせる	に関する	実現に関する
研究をれる	と も	」と とも
模倣をする	を	判断を
解析をする	を	データを
解析をする	の	特定の
抽出をする	て を	して パターンを
抽出をする	たり	したり
認識をある	が は	等が 例は
命名をれる	で に により	会議で 年に マッカーシーにより
処理を用いる	を	処理を
処理を用いる	の	知能の
記述をする	と を	主体と 記述を
記述をする	や	情報処理や
記述をする	で の	研究で での
記述をする	という	アプローチという
アプローチをいる	で でも は	現在で 意味あいでも では
アプローチをいる	の	器具の
アプローチをいる	の や	ソフトの システムや
思考をれる	も	ルーチンも
思考をある	て も	れて ことも
模倣をする	を	カウンセラーを
プログラムをれる	が に	）が 引き合いに
プログラムをれる	の	人間の
プログラムをれる	の	家の
計算をせる	に を	機に 役割を
計算をせる	という	うという
計算をれる	と	」と
計算をれる	の	システムの
実現を持つ	が に	人間が 暗黙に
実現を持つ	の	常識の
記述をなる	が と	記述が 問題と
記述をなる	の へ	への 実用へ
利用をいる	が が は	れるが 利用が 実現は
利用をいる	の	知能の
利用をいる	の へ	への 実現へ
利用をいる	や	」や
利用をいる	など の	」など などの
アプローチをいる	として は も	アプローチとして としては アプローチも
アプローチをいる	の	従来の
アプローチをいる	と の	)と との
アプローチをいる	の	記述の
明示をある	が て て に は	いるが れて れて 性に 差は
注目を集める	が を	」が 注目を
注目を集める	の	自らの
学習を行う	に を を	元に 学習を 経験を
学習を行う	という	学習という
学習をある	も	手法も
学習をある	と は	知性と とは
学習をある	という	」という
表現をする	に を	的に 知性を
実装をする	において	宇宙において
実装をする	という	するという
実装をする	は	ことは
流行を超える	を	流行を
浸透をする	て に	超えて 社会に
浸透を行く	て により	して 登場により
浸透を行く	から	年から
導入をする	にかけて を	年にかけて ディープラーニングを
導入をする	が	AIが
導入をする	など の	囲碁など などの
導入をする	の	ポーカーの
導入をする	の	トップクラスの
導入を破る	も	プレイヤーも
到達をする	が として に	)」が AIとして 段に
到達をする	の	時代の
到達をなる	で と など は	麻雀で 技術と するなど では
学習を繰り返す	を	学習を
学習をいる	と を	基本と ことを
学習をいる	て	して
学習をいる	の は	コネクショニズムの ）は
経験を基づく	に	経験に
経験を基づく	は	学習は
関係をいる	と	ソフトコンピューティングと
関係をいる	の	以下の
関係をある	が て として は	ものが して 手法として としては
統合を作る	を	システムを
統合をいる	も	試みも
統合をいる	の	エキスパートの
統合をいる	や	ニューラルネットワークや
生成をする	て で に は を を を通して	れて Rで 元に では ルールを 学習を 規則を通して
認識を上回る	で を	領域で 知能を
認識をおる	を	精度を
認識をおる	の	ディープラーニングの
研究をいる	が て で に は	研究が 出して ブームで 盛んに では
研究をいる	と	GANと
研究をいる	の	ディープラーニングの
派生をでる	が	派生が
活躍をいる	て て で で は	でて れて 分野で 最近で では
活躍をいる	や	認識や
活躍をいる	など の	予測など などの
予測をいる	が で を	ディープラーニングが 分野で 成果を
予測をいる	て	だして
予測を加える	に	ことに
予測を加える	の	画像の
進化をいる	て て において は を	して 加えて 技術において ）は 進化を
進化をいる	の	これらの
進化をいる	を	成果を
進化をいる	の	従来の
進化をいる	の	知能の
応用をおる	が に は	分野が 背景に 正弥は
応用をおる	という	AIという
生成をいく	を	生成を
生成をいく	て	行って
応用をいる	て て も	広がって 見せて 応用も
指摘をいる	て と	始まって いると
製作をする	は を	ブレーズ・パスカルは 機を
製作をする	と	バベッジと
製作をする	の	機の
開発を行う	は を	エイダ・ラブレスは 開発を
出版をもたらす	に は を	論理に ヘッドは 革命を
出版をもたらす	と	ウォーレン・マカロックと
内在をする	に	活動に
内在をする	の	アイデアの
計算を題する	と	」と
発表をする	に は を	年に ウォルター・ピッツは 論文を
発表をする	の	ニューラルネットワークの
発表を築く	を	基礎を
会議を作り出す	で は を	会議で マッカーシーは 用語を
開発をする	は を	彼は 言語を
開発をふるまう	に関する	ふるまいに関する
テストをする	を	テストを
テストをする	に	可能に
導入をする	として は を	方法として チューリングは 」を
構築をする	は を	ジョセフ・ワイゼンバウムは はを
来談を行う	を	療法を
来談を行う	は	これは
推論を示す	で に は を	中で 間に モーゼスは パワーを
推論を示す	と	マービン・ミンスキーと
出版をする	を	』を
出版をする	の	ニューラルネットの
出版を示す	て は を	して シーモア・パパートは 限界を
開発をする	は を	カルメラウアーは 言語を
開発をする	と	診断と
開発をする	における	療法における
構築をする	は を	テッド・ショートリッフェは システムを
構築をする	と	表現と
構築をする	の	推論の
推論を示す	を	パワーを
推論を示す	の	最初の
推論をれる	と	システムと
推論をある	は も	これは ことも
推論をある	は	ハンス・モラベックは
開発をする	を	乗り物を
開発をする	に は を	年に IBMは ギャモンを
開発をする	の	IBMの
専用を負かす	に を	月に ガルリ・カスパロフを
専用を負かす	の	日本電気の
専用を負かす	の	チャンピオンの
専用を敗れる	が で に に は は	健が オセロで コンピュータ・ロジステロに 月に には コンピュータ・ディープ・ブルーは
専用を敗れる	の	最初の
戦争をする	において を	戦争において ユニットを
戦争を使う	のに を	するのに AIを
戦争をれる	によって	これによって
戦争をれる	の	以来の
戦争をれる	の へ	への 研究へ
戦争をれる	の	政府の
投資を上回る	が を	コストが 全額を
投資をする	は を	局は ことを
啓蒙をする	が に	らが 的に
発生をする	で は も	日本で では 成果も
発生をする	の	論理の
指摘をれる	が が に	たが 性が 明らかに
適用をする	から に対して を	ここから データに対して 付けを
処理をせる	を	処理を
開始をれる	が が	たが 試みが
開始をれる	の	Cの
処理をせる	に に により を	Webに 同年に リーにより 処理を
提唱をれる	が	セマンティック・ウェブが
提唱をれる	の	上の
付加をする	に を	データに 意味を
処理をせる	て に を	して コンピュータに 処理を
処理をする	に を	的に 方法を
処理をする	は	技術は
処理をする	における	知識工学における
表現をする	を	オントロジーを
表現をする	の	形式の
表現をいる	に は も	規格に には OWLも
表現をいる	て	れて
流行をする	の	システムの
流行を分かる	から が	ことから ことが
完了をいる	が に	化が 前半に
開発を見合う	に	工数に
開発を見合う	だけ の	見合うだけ だけの
開発を見出せる	が	メリットが
普及をいる	から が て にとって は は も	ことから いるが して 者にとって にとっては 普及は 現在も
激変をせる	を	在り方を
激変を至る	に	AIに
激変を至る	は	ことは
激変をする	は	ブームは
提案をする	と を	専門と システムを
提案を立ち上がる	て と に に も	入って 次々と ように 中心に ベンチャーも
流行を生まれる	から	流行から
流行を生まれる	の	究極の
流行をられる	が として	コンピュータが プロジェクトとして
研究を進める	て を	費やして 研究を
採用をする	の	ルールの
採用をする	が で は	入力が 手法で では
採用をする	の	知識の
解釈を異なる	が で	解釈が 間で
統一を行える	が	化が
統一を行える	の	等の
統一をある	に は も	場合に には 問題も
統一をある	の	システムの
実現を至る	に は は まで も	実現に には 日本は 年まで 進めるも
実現をする	の	Prologの
実現をする	の	CPUの
実現をする	の	ハードウェアの
解釈をする	で を	機構で 命令を
実行をする	て に	して 高速に
実行をする	の は	型の 物は
応用を見つかる	が が で	あるが 先が 意味で
克服をする	を	問題を
研究をれる	が に	制御が 盛んに
研究を用いる	を	ルールを
研究を用いる	の	データの
学習をする	を	特徴を
分類をする	て	して
融合をする	を	つを
融合をする	という	ニューロファジィという
融合をする	を	日本を
融合を迎える	が に を	手法が 中心に ブームを
融合を迎える	の	期の
融合を合わせる	に	路線に
融合を合わせる	の	センサの
融合を合わせる	と	個数と
融合を増やす	て で に も を	合わせて 製品で 大幅に でも 種類を
融合を増やす	を	データを
運転をする	に を	元に 運転を
発売を始める	が	モデルが
取得をいる	が に まで を	日本が までに 年まで 特許を
取得をいる	て	して
取得をいる	から で と	事から 日本で ブームと
取得をいる	て	なって
取得をいる	が について は	ことが ファジィについて については
取得をいる	の	現在の
発展をする	より	当時より
制御をいる	が で は	技術が 家電で では
制御をいる	の	当たり前の
制御をなる	に	ものに
意識をいる	が て て に は	いるが られて 分かって 者に には
意識をなる	が に	ニューロファジィが ブームに
意識をなる	という	データという
意識をなる	の	後の
提唱をれる	に	年に
提唱をれる	として の	マイニングとして としての
応用をれる	て に は は は	なって 年代に には 応用は 概念は
応用を巻き込む	も	一般人も
流行をする	が で	ニューラルネットワークが 巻き込んで
流行をする	として の は	事例として 初めての としては
流行をする	の	年代の
流行をする	の	ディープラーニングブームの
流行を言える	と も	前史と とも
流行を言える	と	現象と
開始をする	を	研究を
開始をする	の	」の
発売を漕ぎ着ける	に に	日に 発売に
発売を漕ぎ着ける	の	多数の
収集をする	で も より	センサーで よりも 従来より
収集を基づく	に	データに
運転をする	て に を	基づいて 柔軟に 運転を
運転をする	の	同種の
運転をする	で として は は	機で 機として 」は としては
運転をする	の	最先端の
運転をする	の	技術の
運転をする	の	期の
マッチをする	が という に も	導入が 制御という 路線に にも
マッチをする	の	裏方の
制御を関わる	に も	あるに にも
制御を関わる	の	世間の
注目を集める	から は を	ことから ファジィは 注目を
注目を集める	の	流行の
注目を集める	の	年の
注目を集める	における	大賞における
注目を集める	の	部門の
流行をれる	が で	」が 金賞で
流行をれる	は	度合いは
流行をれる	の	ルールの
流行をする	を	チューニングを
開発をする	を	制御を
開発をする	の	従来の
開発をする	の	理論の
突破をする	を	限界を
評価をれる	て で	して 学会で
評価をれる	の へ	への 家電へ
成功をする	に も	応用に にも
成功を巻き起こす	だけ て に は を	れるだけ して その後に 松下電器は ブームを
成功を巻き起こす	の	松下電器の
成功を巻き起こす	の	試みの
成功を受ける	を	成功を
成功を受ける	の	同様の
制御を用いる	て も を	受けて 他社も 制御を
発売をする	を	製品を
発売をする	による	各社による
発売をする	の	向けの
発売を売る	の	家電の
発売を売る	の	技術の
制御をおる	が として に は まで	名称が 文句として 大々的に までは 中頃まで
制御をおる	の	機の
制御をおる	の	機の
制御をおる	の	エアコンの
制御をおる	など の	」など などの
付与をいる	が て で で として は は は	名称が られて モードで 名で 分類として では では としては
客観をする	で に を	数式で 的に 対象を
客観をする	や	制御や
作業を持つ	が を	対象が 機構を
作業をなる	は は	作業は 場合は
作業をある	が	必要が
作業をある	や	制御や
比較をする	と	等と
比較をする	の	人間の
計測をする	の や	データの 則や
利用をなる	が と	特徴が 可能と
開発を抑える	を	工数を
開発を抑える	の	時の
適応をできる	ながら を	抑えながら 性を
適応をできる	という	できるという
適応をある	が て は は	利点が して ニューロファジィは 手法は
適応をある	の	らの
努力を関わる	に も	努力に にも
努力を関わる	や	能力や
努力を関わる	の	量の
努力を関わる	の	既存の
努力を関わる	の や	製品の 機械や
改善をする	から を	さから 制御を
改善を迎える	で を	程度で 限界を
改善を迎える	と	集合と
改善を迎える	が に の も	学習が 的に ニューラルネットワークの にも
改善を迎える	や	リソースや
計算をられる	が に	データが 潤沢に
計算をられる	の	精度の
向上をある	が として に は も	限界が たとして 向上に には としても
搭載をする	を	制御を
搭載をなる	が に に は	家電が 多数に 末に には
搭載を売る	として の	文句として としての
搭載を去る	は	ブームは
意識をなる	に は は	一般に には 後は
意識をなる	の	裏方の
意識をなる	の	雨水の
意識をなる	の	ビルの
意識をなる	など の	システムなど などの
管理をれる	に のみ も	インフラに 製品のみ にも
管理をれる	と	性能と
実証をいる	が が で として に は	たが 性が 現在で 技術として 十分に では
設計をする	が	人間が
表現をする	として	ルールとして
活用をする	を	）を
活用をする	という	インテリジェンスという
発展をする	て に に は	れて 分野に 頃に には
超越をする	が で を	知能が 点で 人間を
超越をする	の	技術の
進歩を担う	を	進歩を
変革をする	を	世界を
変革を訪れる	が に も	）が 年に にも
変革をする	と	」と
発表をする	で は を	著作で ワイルは 説を
改善を果たす	が で に を	チームが コンテストで 年に 改善を
優勝をする	で	上で
優勝を始まる	が が に	ブームが ワトソンが 同年に
プログラムを使う	を	プログラムを
プログラムを臨む	が に	受験生が 実際に
プログラムを臨む	の	東大の
プログラムを臨む	と の	試験と 試験の
解読をする	を	問題を
解読をする	の	ゼミナールの
解読をする	の	東大の
解読をする	は	合格は
合格をできる	が で に は は	難しいが 判定で 大学に では には
研究をいる	が て を	ホーキンスが 向けて 研究を
研究を考える	の	』の
研究を考える	という	理論という
研究を考える	の	独自の
展開をいる	が て で を	いるが 続けて 中で 理論を
先行を用いる	のみ を	ネットワークのみ のみを
学習をする	から て	環境から 用いて
行動をいる	て は は を	して これは では システムを
行動を基づく	に	これに
行動をれる	と	ゲンギスと
行動をれる	の	足の
行動を持つ	を	」を
行動を関わる	に も	ないに にも
行動をいる	か て の	いるか 生きて かの
行動をする	て に は	用いて ように ロボットは
関連を導き出す	を	性を
関連を導き出す	に	仮説に
関連を導き出す	を	ものを
発表をする	が を	DeepMindが 」を
発表をする	の	大量の
発表をする	の	不要の
学習をする	が を	データが 」を
学習をする	に	可能に
学習をする	の	推論の
学習をする	の	並みの
認識を持つ	を	能力を
認識を持つ	を を	システムを システムを
解決をする	に は を	月に には )を
処理を付ける	で に を	コンテストで 手法に 大差を
優勝をする	が て に により	ディープラーニングが 付けて 年に 化により
優勝をする	という	点という
優勝をする	の	世界中の
優勝をする	の	識者の
注目を集める	に を	急速に 注目を
注目を持つ	を	現実味を
注目をなる	て は	持って 概念は
注目をなる	の	ディープラーニングの
注目をなる	と	発明と
普及を受ける	を	普及を
普及を受ける	の	開発の
開発を率いる	を	DeepMindを
開発をする	を	）を
開発をいる	が て に に において は	プロジェクトが 受けて ように 筆頭に 現場において においては
開発をいる	の	これらの
開発をいる	の	開発の
開発をする	を	脳を
構築をれる	て	して
構築をれる	と	科学と
学習を組み合わせる	を	学習を
学習を組み合わせる	が	アプローチが
アプローチをいる	て で と は	られて 現場で 有望と では
アプローチをいる	の	理論の
アプローチをいる	の	単一の
更新を扱う	のみ を	タスクのみ のみを
更新を進む	から	ディープラーニングから
更新を進む	の	複数の
更新を扱う	を	タスクを
提唱をいる	が て として	理論が れて 結果として
仮想を動かす	で を	空間で モデルを
仮想を動かす	の	世界の
仮想をせる	に を	高速に ことを
仮想をせる	といった	せるといった
仮想をいる	も を	ことも 成果を
仮想をいる	て による	上げて シミュレーションによる
再現をする	を	知を
再現をする	が に	シミュレーションが ために
シミュレーションをする	と	だと
シミュレーションをする	に や より	生物に 者や やより
研究を見せる	を	振る舞いを
研究を見せる	の	）の
作成を挑む	に	作成に
作成を挑む	と	知能と
関係をある	て に	考えて 関係に
関係をれる	と	あると
関係をれる	の	意識の
挑戦をする	に	）に
研究をいる	も	者も
活用をおる	が に を	企業が 活用に 関心を
投資を行う	で に を	主導で 的に 投資を
投資を行う	に関する	知能に関する
展開をいる	が て て	競争が 寄せて 行って
展開をいる	の	年の
展開をいる	による	Systemsによる
展開をいる	の	方式の
展開をいる	を	化を
展開をいる	という	コンピュータという
展開をいる	が	処理が
展開をいる	の	次世代の
実用を始める	が として に	インフラが 嚆矢として 急速に
実用を始める	の	知能の
実用を関わる	に も	化に にも
解決をできる	に を	リアルタイムに 問題を
整備をいる	が て	環境が れて
整備を受ける	を	動向を
整備を受ける	の	向けの
整備を受ける	の や や	知能の 展開や 開発や
整備を受ける	に関する	コンピュータに関する
報道をなる	から が て で で も	頃から 報道が 始めて 形で 番組で でも
進化をする	が が に対して を	イーロン・マスクが 人間が 知能に対して 遅れを
進化をする	に	ように
進化をする	の	人間の
接続をする	に を	機械に 脳を
開発をする	を	ブレイン・マシン・インターフェースを
開発をいる	に を	ために 社を
開発をいる	て	上げて
公表をする	を	ことを
公表をなる	で に に は	世界中で 年に 話題に には
公表をなる	の	人の
出現をする	が	インターネットが
予測をいる	が により	事が ブレイン・マシン・インターフェースにより
活用をする	を	AIを
寄与をできる	で に	事で 変革に
分析をいる	と と	できると よると
探索を行う	で を	報酬で 探索を
探索を行う	を	AIを
探索を行う	の まで	までの これまで
探索を行う	で	AIで
公表をいう	と	らしいと
推論を経る	を	段階を
識別をする	て を	経て 推論を
識別を分かる	か が に	のか かが 明確に
開発をする	は を	研究所は アーキテクチャを
使用をする	など を	Wikipediaなど などを
テストを上回る	で を	テストで 人間を
テストを至る	に	上回るに
処理をする	を	データを
処理をする	の	ための
開発をいる	は を	Googleは ソフトウェアを
開発をいる	の	年の
管理をいる	が	Googleが
管理をいる	て	して
管理をいる	の	Brainmapの
管理をいる	て で に は	して 時点で バイトに 量は
管理をいう	て と	達して いると
管理をいう	の	ドイツの
研究をおる	とも は を	研究所とも Googleは 研究を
研究をおる	の	脳の
構成をする	から を	写真から 回路を
構成をする	という	するという
研究をいる	て を	始めて 研究を
計画を位置づける	から に を	計画から プロジェクトに AIを
研究を上げる	として も	プロジェクトとして としても
研究を上げる	の	AIの
推進をてる	で で は を	一体で 中国で では 開発を
推進をてる	の	中国の
推進をてる	の	以下の
教育を集める	を	児を
教育を集める	の	兵器の
開発をいる	て で と に は	集めて 機関で 公然と 開発に では
開発をいる	の	）の
開発をよる	など に や	やなど などに 教授や
開発をよる	の	意識の
比較をする	と	欧米と
比較をする	の	AIの
比較をする	の や	技術の 研究や
実験をする	を	実験を
実験をある	て で に は	して 中国で 環境に では
実験をいる	て と ば も	られて あると よれば ても
実験をいる	の	スーパーコンピュータの
推進をいる	で を	日本で 開発を
推進をいる	て	して
推進をいる	の	AIの
リードをする	が において も	中国が 開発において 章も
主張をいる	て を	れて 性を
主張をいる	の	世界の
主張をいる	の	機の
計算をてる	が	中国が
計算をれる	て と は も	して てると 3は とも
計算をよる	に	政府に
計算をよる	に関する	ディープラーニングに関する
計算を超える	を	米国を
計算をいる	から が て で と は	年から 中国が 超えて 数で 世界一と では
計算をいる	など の や	やなど AIの などや
独占をいる	が て で も を	勢が なって 大会で でも 上位を
独占をいる	など の	アップルなど などの
独占をある	でも	幹部でも
独占をある	が で を	中国が AIで 覇権を
独占をする	つつ と	握りつつ あると
独占を著す	を	』を
独占を著す	の や	アメリカの 政界や
独占を取り上げる	が て て など は ば	などが して 著して メディアなど のは よれば
支出をする	で を	年で ）を
宣言をする	と	すると
宣言を開く	に を	パリに 研究所を
招致をする	など は を	富士通など エマニュエル・マクロンは などを
招致をする	とも における	イギリスとも 研究における
決定をいる	も	連携も
投資をする	に は まで を	までに 韓国は 年まで 投資を
投資をする	の	つの
設立をする	を	機関を
設立をれる	も	制度も
設立をれる	の	AIの
設立を入る	に に は まで	4に までに 目標は 年まで
設立をいう	と	だと
利用をする	を	学習を
利用をする	に は	するに には
利用をする	といった	統計といった
利用をする	の	以上の
統計をなる	が と	知識が 必要と
シミュレーションを行う	を	シミュレーションを
シミュレーションを行う	の	科学の
シミュレーションをなる	に は も	行うに には 知識も
反乱を起こす	て に対して を	於いて 人間に対して 反乱を
否定をいる	は を	知能は 性を
否定をいる	の	知能の
否定をいる	を	警鐘を
否定をいる	て	鳴らして
否定をいる	が て について は も	いるが して 性について 豊は 人も
弾圧を併せ持つ	を	弾圧を
弾圧を併せ持つ	の	知能の
成功をする	が で	中華人民共和国が 競争で
成功をする	が に ば	国家が 革新に すれば
成功をする	という	優位という
革新を変わる	が は	概念が 教授は
革新を述べる	と	変わると
革新を述べる	の	ディープラーニングの
革新を述べる	の	」の
革新をいる	と	人と
革新をいる	の や	市民の 監視や
利用をいる	が で を	中国が 目的で 知能を
利用をいる	て	して
利用をおる	て に は を	れて ことに いるは 警鐘を
利用をおる	の や	海外の 団体や
代表をれる	に	中国に
抑圧をする	で を	知能で 人権を
独裁を呼ぶ	て と など は を	鳴らして 」と メディアなど などは 体制を
独裁を呼ぶ	や	ヘルメットや
独裁を埋め込む	に	帽子に
独裁を埋め込む	の	国民の
独裁を埋め込む	と	脳波と
監視をする	から で を	センサーから 知能で 感情を
監視をする	の	支援の
支援をられる	が	プロジェクトが
支援をられる	と	検閲と
支援をられる	や	官僚や
支援をられる	の	刑務所の
支援をられる	から の	囚人から 歩道の
監視をせる	に まで を	知能に 者まで 監視を
監視をせる	と	カメラと
監視をせる	の や	警察の グラスや
搭載をする	に を	ロボットに ）を
搭載をする	など による	するなど 知能による
管理をいる	が で は	化が 中国で では
管理をいる	や	カメラや
収集をする	から など	などから 電話など
解析をする	で	知能で
解析をする	や	するや
選別をする	で を	ファイリングで 情報を
選別をする	の	民族の
手続きを経る	を を	手続きを 族を
手続きを経る	や	テロや
手続きを犯す	で に も を	時点で ずに 人も 犯罪を
手続きをある	が	性が
拘禁をいる	て で として に は	れて 区で あるとして キャンプに では
拘禁をする	て と	して いると
拘禁をする	の	政府の
拘禁をおる	が	あるが
拘禁を使う	を	AIを
拘禁を使う	による	政府による
拘禁を使う	の	特定の
拘禁を使う	の や	民族の 選別や
収容を送る	が に を	コンピュータが 所に 人間を
収容を送る	が	前例が
侵害をいる	て として に は	られて ないとして 問題に 侵害は
侵害をいる	と	本土と
侵害をいる	の	同様の
侵害をいる	による	知能による
監視を恐れる	を	化を
デモを起きる	が	デモが
搭載をする	を	カメラを
破壊をれる	が て で と に は は	街灯が なって 香港で 次々と 市民に では 際は
破壊をれる	など	アフリカなど
輸出をおる	に は を	各国に 中国は 技術を
輸出をおる	の	連合の
輸出をおる	の	技術の
主導をてる	が も を通じて	中国が 化も ）を通じて
主導をてる	の	中国の
拡散をする	が に	侵害が 世界に
懸念をいる	から から が て など	ことから などから ことが して 団体など
活用をする	で を	知能で データを
活用をする	の	人々の
活用を決める	て を	して 適性を
活用を決める	の	層間の
固定をする	を	格差を
固定を繋がる	に は	ことに 制度は
固定をする	と	繋がると
懸念をある	が	懸念が
懸念をある	の	知能の
懸念をある	や	雇用や
懸念をある	で による の のみ	融資で のみによる での 分析のみ
差別を認める	を	差別を
施行をれる	から が で は	月から 規則が 連合で では
発表をする	を	研究を
論争をなる	が で と に は は	マサチューセッツ工科大学が 精度で Amazonと 論争に Megviiは 際は
防衛をいる	は を	軍隊は 化を
防衛をいる	の	自動の
導入をする	を	」を
破壊をできる	て により は を	試みて 砲により 海軍は ミサイルを
所有をする	は を	軍は 」を
所有をする	と の	地区と との
検知をする	を	標的を
検知をする	や	ガーディアムや
稼働をせる	を	RCWSを
稼働をせる	の	複数の
射殺をいる	て に は を	せて 線に には 人間を
射殺を生む	は を	AIは 能力を
射殺を生む	の	軍の
射殺を生む	の	部隊の
展開を変える	を	展開を
一変をせる	を	戦争を
一変をせる	の	間の
変化を決める	を	バランスを
変化をなる	に は	ことに 変化は
変化をなる	と の	なると との
主張をある	て も	して 主張も
搭載をれる	に に に の	ように システムに 用に )の
搭載をある	も	ことも
使用をおる	は を	プログラムは 制御を
使用をおる	の	アルゴリズムの
使用をおる	に	動作に
処理をする	と は	必要と 能力は
処理をする	て で	して 上で
処理をする	の	上の
処理をする	の	人間の
判断を介す	から を	観点から 判断を
判断を介す	の	兵器の
禁止を出す	に を	年に 令を
禁止をする	に に は は を	ものに 年に には 国防総省は これを
爆撃を操る	を	器を
爆撃を操る	など	ロボットなど
搭載を続く	に	核兵器に
搭載を続く	の	3の
搭載をられる	と	革命と
実用をなる	に は	以内に 一部は
実用をなる	が て と と に は は	たが して なると 可能と そこに には 兵器は
実用をなる	の	国家の
実用をなる	の	特定の
実用をなる	の へ	への 民族へ
利用をれる	など に	攻撃など などに
利用をれる	の	兵器の
競争をなる	が と にとって は	競争が ものと 人類にとって とは
競争をれる	と	ないと
競争をれる	と	ロースクールと
競争をれる	の	武器の
禁止をいる	が に は を	ヒューマン・ライツ・ウォッチが 月に には 禁止を
禁止をいる	の	AIの
禁止をいる	に関する	利用に関する
禁止をいる	の	初の
会議をれる	が で に は	会議が 連合で 月に には
会議をれる	の	兵器の
運用をめぐる	を	運用を
運用をめぐる	の	初の
採択をする	を	ルールを
拘束をれる	て に は は も	求めて 月に 会議は 力は するも
利用をいる	は を をめぐって	ロシアは 競争を 利用をめぐって
利用をいる	の	機の
利用をいる	の	群の
利用をいる	に	年に
利用をいる	の	機の
成功をする	で に に	実験で 実験に 月に
成功をする	の	軍の
更新をする	を	記録を
更新をする	の	北米の
爆撃をする	を	都市を
爆撃をする	の	CGの
発表をする	て に は も	して 月に には 映像も
発表をする	の	隻の
自律を使う	を	艇を
自律を使う	の	規模の
試験を行う	を	試験を
試験を行う	の	AIの
試験を行う	の	利用の
利用をれる	と	スウォームと
利用をれる	の	大量の
利用をれる	など の	兵器など などの
利用をれる	の	兵器の
進展をおる	が で など に に は	中国が ）で 行うなど 急速に 月に には
進展を追い付く	に	アメリカに
進展をある	が	性が
懸念をする	について	ことについて
懸念を備える	に	将来に
懸念をある	が で は	必要が 側で では
懸念をある	と の	あると との
主張をいる	て て は も	して 行って 中国は 主張も
主張をいる	の	中国の
主張をいる	の や	アメリカの 軍部や
開発を与える	に は を	政界に 開発は 感を
開発を与える	に や	月に 議長や
開発を与える	で の	中国で での
開発を与える	の	拠点の
協力をいる	で など に	などで 設立など 軍に
非難をする	て と を	して いると Googleを
非難をする	の	Googleの
非難をする	や	フォードや
面談をする	と	大統領と
面談をする	の	中国の
面談をする	の	拠点の
研究を限る	に	中国に
研究を限る	の	全ての
開放をいる	て に は は	して 人々に サンダー・ピチャイは 成果は
釈明をする	て と	れて いると
釈明をなる	て に は	れて 事態に 大統領は
釈明をなる	の	軍の
釈明をなる	の	AIの
協力をする	が に	Googleが 利用に
計画をいる	を	」を
計画をいる	て	行って
計画をいる	の	Googleの
暴露をおる	が で に は	ことが アメリカで 社員に では
暴露をおる	の	月の
暴露をおる	の	議会の
暴露をれる	に	同様に
協力をする	に	政府に
計画を用いる	を	知能を
計画を用いる	や	開発や
拒否をする	は	侵害は
拒否を誓う	が	Googleが
拒否を誓う	の	月の
拒否を誓う	と の	原則と との
追及を受ける	て で で と とともに は を	れて 会で 性で すると 」とともに では 追及を
追及を受ける	の	軍の
追及を受ける	の	20の
追及を受ける	の	グーグルの
研究を関わる	が に	者が アルゴリズムに
報道をれる	と	たと
報道をれる	で は	AIで では
否定をする	と は	」と 際は
否定をする	の	軍の
否定をする	と	機関と
否定をする	の	AIの
発表をする	が を	Microsoftが 研究を
発表を呼ぶ	に も を	同様に 際も 波紋を
構築をいる	が によって を	中国が AIによって 国家を
構築をいる	や	竜や
構築をいる	など	虹など
拡散をせる	で に を	中東で 大量に 機を
攻撃をする	て で に	せて AIで 的に
販売をいる	だけ て も	いるだけ して 兵器も
販売をいる	て	して
販売を鳴らす	に に は を	ことに 月に 長官は 警鐘を
攻撃をする	を	個人を
攻撃をなりすます	たり で	したり ディープフェイクで
投稿を操る	たり により を	なりすましたり 投稿により 世論を
投稿を操る	の	等の
懸念をいる	が	懸念が
設置をする	を	会を
発表をする	と は	すると Googleは
支持をする	を	等を
支持をおる	に は も	会に には 人物も
要請をする	て は を	れて らは 解任を
機能をできる	に	どおりに
判明をする	が	ことが
判明をする	という	」という
判明をする	の	会の
発表をする	が で は を	会が 理由で Googleは 解散を
吸収を挙げる	は を	仁は プロジェクトを
吸収を挙げる	は	われわれは
存在を見いだす	に を	ものに 存在を
存在をある	が で	文化が アニミズムで
存在を語る	て と に	応じて 」と 従寛に
存在を語る	の	禅の
存在をやる	を	悟りを
存在をせる	て に	やって AIに
存在を論じる	か を	せるか 」を
存在を論じる	の	知能の
存在を論じる	の の や	ための 三宅の アートや
存在をいる	に は も	』に 論は にも
創立をいる	を	)」を
創立をいる	の	団体の
創立を基づく	に	）に
創立を基づく	の	Godheadの
促進をする	を	実現を
開発をする	の	Godheadの
開発をする	と	理解と
崇拝をする	を を通して	社会を 崇拝を通して
貢献をする	に	ことに
表現をおる	と に は	」と 的に 使命は
表現をおる	の	多くの
表現をおる	や	映画や
表現を関連付ける	と など	などと 歴史など
報道をする	て て は	れて 関連付けて メディアは
報道をする	と	Uberと
報道をする	の	Googleの
報道をする	に関する	運転に関する
盗用をする	が を	レバンドウスキーが 情報を
盗用を訴える	を	ことを
盗用をいる	を	裁判を
盗用をいる	て	行って
盗用をいる	の	Uberの
征服をする	ずつ は を	ひとつずつ 我々は 世界を
発言をする	と に対し	」と ）に対し
発言をする	など	するなど
発言をいる	て は は は を	して Waymoは レバンドウスキーは レバンドウスキーは 振る舞いを
話をいる	は を	者は 話を
話をいう	て て と ば	して 述べて 」と よれば
指摘をいる	が に は を	）が 実際に には ことを
指摘をいる	や	」や
指摘をいる	という	」という
解明をくる	を	問題を
解明をくる	て	して
関連をする	に	等に
関連をする	の	者の
関連をする	は	たちは
関連をする	という	年という
関連をくる	も を	何も 成果を
批判をいる	て て と は	して 残して 」と クリックは
批判をいる	どころか	二流どころか
批判をいる	の	」の
学問を過ぎる	に は	科学に 哲学は
評価をいる	て と において	して 、と 観点において
評価をいる	の	者の
賛同をする	に	クリックに
ため息をまじる	の	私の
ため息をまじる	の	まじりの
ため息をなる	に は	愚痴に これは
ため息をなる	や	者や
ため息を思う	が と という は	なるが だと 思想家という のは
ため息をいる	と	」と
ため息を始まる	から は	）から 哲学は
ため息をおる	が と	アリストテレスが たと
ため息をおる	の	上記の
ため息をおる	も	発言も
ため息をおる	の	者の
発言を言う	か て て て て で と において は は は は	ことか して れて 伝えて 述べて 的外れで ないと 』において では 俊之は 啓一は 靖は
存在をくる	で は を	言語で 者は 」を
信用をいる	て と は を	して うと ディラックは 者を
信用を見る	が	ディラックが
信用を含める	を	ウィトゲンシュタインを
信用を含める	は	たちは
信用を含める	の	以降の
信用を含める	の	」の
理解をいる	さえ どころか	概念さえ 量子力学どころか
理解を使う	を	言語を
疎通を行う	を	疎通を
疎通をできる	て は も	使って ことは ても
疎通をできる	が という の	のが ないという ディラックの
疎通をいる	て て と	して して だと
議論を超える	における を	議論における 脳を
議論を超える	という	』という
定義をいる	が	自体が
定義をいる	て で と は は	できて 話で 」と では 書は
定義を捉える	として を	」として 脳を
定義を見る	から	観点から
定義をしれる	て に は ば	記して 確かに シンギュラリティは 見れば
定義をしれる	の	実際の
定義をしれる	と	デジタルと
融合をする	が	アナログが
融合をする	で は	システムで では
融合をする	の	科学の
観察をいる	が で	ことが 結果で
観察をよる	に	書に
存在をする	が で は	」が 膜で では
存在をする	の	付きの
存在をする	の	内の
存在をする	の	ニューロンの
存在をいる	が によって	」が 量によって
存在をいる	て	れて
記述をする	で を	デジタルで 状況を
記述をする	は	ことは
記述をいる	かも て と と は	得るかも れて 」と よると 脳は
勘違いをする	を	勘違いを
説明をいる	が について	たが ）について
説明をいる	の	同様の
説明をいる	の	他の
入門をられる	て など に は も	して 書など などに 間違いは にも
入門をよる	に	フランセーンに
入門をよる	に関する	定理に関する
入門をよる	を	哲学を
誤用をおる	に は	一般に 誤用は
誤用をおる	や	宗教や
乱用をいる	て で も	起こって 神学で でも
乱用を示す	が に	ゲーデルが 年に
乱用を示す	の	特定の
乱用を示す	において の	1において 命題の
乱用を示す	で の	意味で での
乱用を示す	て について の は ば	れて 」について についての のは よれば
研究をなる	と を	よると 問題を
研究をなる	の	分野の
研究をなる	の	学者の
進歩を言う	と は	だと 須藤は
進歩を言う	の	学者の
進歩を含む	を	要素を
統一を扱う	に を	的に 問題を
統一を扱う	の	かつての
言及をする	について	天文学について
言及をする	の	その後の
言及をなる	で は を	天文学で では 問題を
言及をなる	の	今の
言及を扱う	し で も を	たし 学で でも 問題を
言及を述べる	と	」と
言及をある	か が が に	何か ですが 問題が 自体に
言及をいる	か と に対し は	うか 」と 伊勢田に対し 須藤は
言及を述べる	て で に に の は は は も	返して 一方で ように ように 次の これは 哲治は 須藤は にも
議論をいる	が を	者が 興味を
議論をいる	て	持って
議論をいる	の	因果の
定義を違う	が と は	定義が 学者と とは
定義を違う	は	ことは
定義をいる	て と は	述べて 」と 須藤は
定義を思う	と	学者と
定義を思う	の	者の
定義を思う	の	ものの
定義を思う	に の	以上に 方の
定義をしれる	という は	違いという のは
定義をいる	かも て と は	のかも して 」と 伊勢田は
議論をくる	まで を	これまで 議論を
議論をくる	の	意見の
意見をなる	で は	おかげで 違いは
意見を思う	と に は	たと 明らかに とは
決着をつく	か が が て	何か ますが 決着が 行って
発言をする	か と は	うか 」と 須藤は
決着をつく	は	決着は
決着をいる	で と ね は	対談で 」と うね 伊勢田は
